activities,count,percentage
NEW,100000,100.0
FIN,71006,71.006
RELEASE,67095,67.095
CODE OK,63820,63.82
BILLED,64854,64.854
DELETE,8221,8.221
REOPEN,4084,4.0840000000000005
CHANGE DIAGN,42314,42.314
STORNO,2548,2.548
REJECT,1830,1.83
CODE NOK,3054,3.0540000000000003
SET STATUS,631,0.631
CHANGE END,33,0.033
MANUAL,243,0.243
JOIN-PAT,95,0.095
CODE ERROR,67,0.067
ZDBC_BEHAN,1,0.001
EMPTY,449,0.449
