Activity,number_cases,Percentage
BILLED,58901,63.979709326323565
DELETE,6368,6.917077621602832
NEW,22373,24.302100758184704
FIN,3508,3.8104755490864854
CODE OK,512,0.556146944450479
EMPTY,400,0.4344898003519368
