Activity,number_cases,Percentage
BILLED,57673,64.13669624785926
DELETE,6368,7.0816930228420185
NEW,22373,24.880451947243166
FIN,3508,3.9011587820555595
