Activity,number_cases,Percentage
BILLED,54575,66.74942821149448
DELETE,4813,5.886669683589975
NEW,22373,27.363902104915542
