Activity,number_cases,Percentage
BILLED,63288,63.5230352303523
DELETE,8144,8.174244705410016
NEW,22406,22.48921007728596
FIN,3608,3.6213991769547325
SET STATUS,567,0.5691056910569106
CODE OK,924,0.9274314965371877
JOIN-PAT,47,0.04717454581953227
RELEASE,106,0.10639365652915789
MANUAL,62,0.06223025193214895
CODE NOK,13,0.013048278630934457
EMPTY,442,0.4436414734517715
REJECT,4,0.004014854963364448
STORNO,1,0.001003713740841112
CHANGE DIAGN,18,0.01806684733514002
