Activity,number_cases,Percentage
BILLED,63498,63.498
DELETE,8215,8.215
NEW,22407,22.407
FIN,3611,3.611
SET STATUS,600,0.6
CODE OK,948,0.9480000000000001
MANUAL,85,0.08499999999999999
JOIN-PAT,47,0.047
CHANGE DIAGN,19,0.019
RELEASE,107,0.107
CODE NOK,14,0.013999999999999999
EMPTY,444,0.44400000000000006
REJECT,4,0.004
STORNO,1,0.001
