Activity,number_cases,Percentage
BILLED,62633,63.589384340480834
DELETE,7940,8.061241065627032
NEW,22396,22.737979207277455
FIN,3596,3.650909681611436
SET STATUS,470,0.4771767381416504
CODE OK,853,0.8660250162443145
JOIN-PAT,36,0.03654970760233918
RELEASE,104,0.1055880441845354
CODE NOK,10,0.010152696556205328
MANUAL,14,0.014213775178687459
EMPTY,426,0.43250487329434695
CHANGE DIAGN,18,0.01827485380116959
