Activity,number_cases,Percentage
BILLED,62109,63.714608124743535
DELETE,7835,8.037546163315552
NEW,22373,22.95137464095199
FIN,3596,3.6889618383258105
SET STATUS,364,0.37340993024210095
CODE OK,712,0.7304062371768568
RELEASE,91,0.09335248256052524
EMPTY,400,0.4103405826836274
